{
  "className": "Motor6D",
  "properties": {
    "C0": [-0.209897, -0.344119, -0.024085, 1, 0, 0, 0, 1, 0, 0, 0, 1],
    "C1": [-0.061237, 0.384192, -0.000198, 1, 0, 0, 0, 1, 0, 0, 0, 1]
  }
}
