{
  "className": "Motor6D",
  "properties": {
    "C0": [0.999999, 0.650959, 0.059709, 1, 0, 0, 0, 1, 0, 0, 0, 1],
    "C1": [-0.290102, 0.38388, -0.024085, 1, 0, 0, 0, 1, 0, 0, 0, 1]
  }
}
