{
  "className": "BodyColors",
  "properties": {
    "HeadColor3": [0.686274, 0.580392, 0.513725],
    "LeftArmColor3": [0.686274, 0.580392, 0.513725],
    "LeftLegColor3": [0.105882, 0.164705, 0.207843],
    "RightArmColor3": [0.686274, 0.580392, 0.513725],
    "RightLegColor3": [0.105882, 0.164705, 0.207843],
    "TorsoColor3": [0.686274, 0.580392, 0.513725]
  }
}
