{
  "className": "UnionOperation",
  "properties": {
    "CFrame": [-257.010009, 2.653991, -341.217956, 0, 0, 1, -0.000034, 1, 0, -1, -0.000034, 0],
    "CanCollide": false,
    "CanQuery": false,
    "CanTouch": false,
    "Color": [165, 163, 151],
    "Material": "SmoothPlastic",
    "Size": [0.428252, 0.153524, 0.210086],
    "Transparency": 1
  }
}
