{
  "className": "Motor6D",
  "properties": {
    "C0": [-0.061237, -0.375807, -0.000198, 1, 0, 0, 0, 1, 0, 0, 0, 1],
    "C1": [-0.015459, 0.122498, -0.006242, 1, 0, 0, 0, 1, 0, 0, 0, 1]
  }
}
