{
  "className": "Motor6D",
  "properties": {
    "Attributes": {
      "OutPos": {
        "Vector3": [0.0, 0.0, -1.0]
      }
    },
    "C0": [0.000027, -0.26, 0.049987, -1, -0.000045, 0, -0.000045, 1, 0, 0, 0, -1]
  }
}
